<?xml version="1.0" encoding="UTF-8"?>
<idm xmlns="https://standards.buildingsmart.org/IDM/idmXML/2.0">
  <specId
    guid="f50dc495-29bb-407b-8c38-b20f66d5f4e3"
    shortTitle="GDE-IDM"
    fullTitle="Information Delivery Manual for the Generic Data Exchange"
    idmCode="IDM-1770010298042"
    documentStatus="WD"
    version="1.0"/>
  <authoring copyright="Copyright 2026">
    <changeLog id="log-1" changeDateTime="2026-02-02T00:00:00" changeSummary="Modified" changedBy="author-1"/>
    <author id="author-1">
      <person
        firstName="Ghang"
        lastName="Lee"
        emailAddress="glee@yonsei.ac.kr"
        affiliation="Yonsei University"
      />
    </author>
    <author id="author-2">
      <organization name="Building Informatics Group, Yonsei University"/>
    </author>
  </authoring>
  <uc>
    <specId
      guid="bc5f1c89-c682-457a-8ba0-230e768421ae"
      shortTitle="GDE-IDM"
      fullTitle="Information Delivery Manual for the Generic Data Exchange"
      idmCode="UC-1770010298042"
      documentStatus="WD"/>
    <authoring copyright="Copyright 2026">
      <changeLog id="uc-log-1" changeDateTime="2026-02-02T00:00:00" changeSummary="Initial creation" changedBy="author-1"/>
      <author id="author-1">
        <person firstName="Ghang"
          lastName="Lee"
          affiliation="Yonsei University"
        />
      </author>
      <author id="author-2">
        <organization name="Building Informatics Group, Yonsei University"/>
      </author>
    </authoring>
    <summary>
      <description title="The Generic Data Exchange Information Delivery Manual (GDE-IDM) aims to define a standardized, domain-agnostic framework for specifying information exchange requirements across the lifecycle of built assets and related digital systems. It provides a structured method to describe what information is required, when it is required, and in what form it should be delivered, independent of specific software platforms, data schemas, or organizational practices.

The GDE-IDM is intended to support interoperability, automation, and consistent information management by enabling clear and machine-interpretable definitions of exchange requirements for diverse applications, including design, construction, operation, and digital twin environments.

This manual specifies:
- A generic conceptual model for defining information delivery milestones, exchange requirements, and submission packages.
- Standardized terminology and classification of data types, information containers, and exchange structures.
- Process-independent mechanisms for describing information requirements, including geometry, attributes, documents, multimedia, and structured data.
- Guidance for mapping generic exchange requirements to external schemas and standards (e.g., IFC, BPMN, SysML, JSON-based APIs).
- Recommendations for implementation in software systems, automated workflows, and AI-driven information management applications.

The GDE-IDM is applicable to stakeholders involved in the specification, generation, validation, and exchange of digital information in the architecture, engineering, construction, and operation (AECO) domain, as well as related domains requiring structured information interoperability.

This manual does not prescribe specific software tools, proprietary data formats, or organizational processes. Instead, it provides a neutral and extensible framework that can be adopted and adapted by organizations, standards bodies, and software vendors to support consistent and interoperable data exchange.">
        <image caption="GDE_IDM.png" filePath="images/uc_summaryFigures_fig0.png"/>
      </description>
    </summary>
    <aimAndScope>
      <description title="Define exchange requirements for BIM processes"/>
    </aimAndScope>
    <language>EN</language>
    <use name="Deliver InformationPackage"/>
    <region value="international">
      <type>USR</type>
    </region>
    <standardProjectStage>
      <name>inception</name>
    </standardProjectStage>
    <standardProjectStage>
      <name>design</name>
    </standardProjectStage>
    <standardProjectStage>
      <name>production</name>
    </standardProjectStage>
    <standardProjectStage>
      <name>demolition</name>
    </standardProjectStage>
    <standardProjectStage>
      <name>production</name>
    </standardProjectStage>
    <standardProjectStage>
      <name>maintenance</name>
    </standardProjectStage>
    <standardProjectStage>
      <name>brief</name>
    </standardProjectStage>
    <localProjectStage>
      <name>aia-sd</name>
      <classification id="aia-stage-1" name="AIA B101"/>
    </localProjectStage>
    <localProjectStage>
      <name>aia-cd</name>
      <classification id="aia-stage-2" name="AIA B101"/>
    </localProjectStage>
    <localProjectStage>
      <name>aia-construction</name>
      <classification id="aia-stage-3" name="AIA B101"/>
    </localProjectStage>
    <localProjectStage>
      <name>aia-dd</name>
      <classification id="aia-stage-4" name="AIA B101"/>
    </localProjectStage>
    <localProjectStage>
      <name>aia-procurement</name>
      <classification id="aia-stage-5" name="AIA B101"/>
    </localProjectStage>
    <localProjectStage>
      <name>riba-0</name>
      <classification id="riba-stage-1" name="RIBA Plan of Work"/>
    </localProjectStage>
    <localProjectStage>
      <name>riba-2</name>
      <classification id="riba-stage-2" name="RIBA Plan of Work"/>
    </localProjectStage>
    <localProjectStage>
      <name>riba-4</name>
      <classification id="riba-stage-3" name="RIBA Plan of Work"/>
    </localProjectStage>
    <localProjectStage>
      <name>riba-6</name>
      <classification id="riba-stage-4" name="RIBA Plan of Work"/>
    </localProjectStage>
    <localProjectStage>
      <name>riba-1</name>
      <classification id="riba-stage-5" name="RIBA Plan of Work"/>
    </localProjectStage>
    <localProjectStage>
      <name>riba-3</name>
      <classification id="riba-stage-6" name="RIBA Plan of Work"/>
    </localProjectStage>
    <localProjectStage>
      <name>riba-5</name>
      <classification id="riba-stage-7" name="RIBA Plan of Work"/>
    </localProjectStage>
    <localProjectStage>
      <name>riba-7</name>
      <classification id="riba-stage-8" name="RIBA Plan of Work"/>
    </localProjectStage>
    <actor id="actor-Participant_Sender" name="Sender" actorType="group">
      <bpmnShapeName>Participant_Sender</bpmnShapeName>
      <classification id="role-1" name="Information Sender"/>
    </actor>
    <actor id="actor-Participant_Receiver" name="Receiver" actorType="group">
      <bpmnShapeName>Participant_Receiver</bpmnShapeName>
      <classification id="role-2" name="Information Receiver"/>
    </actor>
  </uc>
  <businessContextMap>
    <specId
      guid="f8a6314e-e705-4edf-b59e-1275634849b2"
      shortTitle="Process Map"
      fullTitle="Business Context Map"
      idmCode="BCM-1770329816799"
      documentStatus="WD"/>
    <authoring copyright="Copyright 2026">
      <changeLog id="bcm-log-1" changeDateTime="2026-02-02T00:00:00" changeSummary="Initial creation" changedBy="author-1"/>
      <author id="author-1">
        <person firstName="Ghang Lee (Yonsei University), Building Informatics Group, Yonsei University"/>
      </author>
    </authoring>
    <pm>
      <diagram
        id="PM-1770010298042"
        name="Process Map"
        notation="BPMN 2.0"
        diagramFilePath="process-map.bpmn">
      </diagram>
      <dataObjectAndEr id="DOER-1">
        <associatedDataObject>DataObject_Exchange</associatedDataObject>
        <associatedEr>ER-PrepData</associatedEr>
      </dataObjectAndEr>
      <dataObjectAndEr id="DOER-2">
        <associatedDataObject>DataObjectReference_1owrwqd</associatedDataObject>
        <associatedEr>ER-SubmissionPackage</associatedEr>
      </dataObjectAndEr>
    </pm>
  </businessContextMap>
  <er>
    <specId
      guid="bfdd3b2c-e258-4730-b726-876dcd5f1c3b"
      shortTitle="er_GDE-IDM"
      fullTitle="Information Delivery Manual for the Generic Data Exchange"
      idmCode="ER-ROOT"
      documentStatus="WD"/>
    <authoring copyright="Copyright 2026">
      <changeLog id="root-er-log-1" changeDateTime="2026-02-02T00:00:00" changeSummary="Initial creation" changedBy="author-1"/>
      <author id="author-1">
        <person firstName="Ghang Lee (Yonsei University), Building Informatics Group, Yonsei University"/>
      </author>
    </authoring>
    <description title="Exchange Requirements for Information Delivery Manual for the Generic Data Exchange"/>
    <subEr>
      <er>
        <specId
          guid="ER-PrepData"
          shortTitle="er_PrepData"
          fullTitle="er_PrepData"
          idmCode="ER-ER-PrepData"
          documentStatus="WD"/>
        <authoring copyright="Copyright 2026">
          <changeLog id="er-log-1" changeDateTime="2026-02-05T00:00:00" changeSummary="Initial creation" changedBy="author-1"/>
          <author id="author-1">
            <person firstName="Ghang Lee (Yonsei University), Building Informatics Group, Yonsei University"/>
          </author>
        </authoring>
        <description title="The information required for data preparation prior to processing or exchange, including data cleaning, transformation, normalization, and validation inputs."/>
        <informationUnit
          id="iu-3d-model"
          name="3D model"
          dataType="3D Model"
          isMandatory="true"
          definition="A BIM model is a digital representation of the physical and functional characteristics of a built asset, serving as a shared knowledge resource for information about the facility and forming a reliable basis for decisions throughout its lifecycle."/>
        <informationUnit
          id="iu-checklist"
          name="submission check list"
          dataType="Structured (list, graph, table, JSON)"
          isMandatory="true"
          definition="A submission checklist is a structured list of required items, criteria, and verification steps used to ensure that all necessary information, documents, and data have been prepared and included before a formal submission."/>
      </er>
    </subEr>
    <subEr>
      <er>
        <specId
          guid="ER-SubmissionPackage"
          shortTitle="er_SubmissionPackage"
          fullTitle="er_SubmissionPackage"
          idmCode="ER-ER-SubmissionPackage"
          documentStatus="WD"/>
        <authoring copyright="Copyright 2026">
          <changeLog id="er-log-1" changeDateTime="2026-02-05T00:00:00" changeSummary="Initial creation" changedBy="author-1"/>
          <author id="author-1">
            <person firstName="Ghang Lee (Yonsei University), Building Informatics Group, Yonsei University"/>
          </author>
        </authoring>
        <description title="The collection of information, documents, and model data required for a formal submission at a defined project milestone, including BIM models, associated metadata, reports, and supporting documentation to satisfy contractual, regulatory, or organizational requirements."/>
        <informationUnit
          id="iu-document"
          name="document"
          dataType="Document (PDF, DOCX, etc.)"
          isMandatory="true"
          definition="In this IDM, document-based information containers are limited to PDF and DOC formats."/>
        <informationUnit
          id="iu-cad-drawings"
          name="CAD drawings"
          dataType="2D Vector Drawing"
          isMandatory="true"
          definition="CAD drawings are digital graphical representations of design information created using computer-aided design (CAD) software, typically comprising 2D or 3D geometric elements, annotations, and symbols used to document, communicate, and analyze design intent."/>
        <informationUnit
          id="iu-project-data"
          name="project data"
          dataType="Structured (list, graph, table, JSON)"
          isMandatory="true"
          definition="Project data is information that describes, identifies, and contextualizes a project, including administrative, organizational, temporal, and classification information used to manage, reference, and interpret project-related information.">
          <correspondingExternalElement basis="IFC 4x3 ADD2" name="IfcProject"/>
        </informationUnit>
        <informationUnit
          id="iu-arch-program"
          name="architectural program"
          dataType="Structured (list, graph, table, JSON)"
          isMandatory="false"
          definition="An architectural program is a structured specification of required spaces and their attributes, typically including space names, functions, and target floor areas, used to guide the design of a building.">
          <correspondingExternalElement basis="IFC 4x3 ADD2" name="IfcSpace"/>
        </informationUnit>
        <subEr>
          <er>
            <specId
              guid="2cb82ae3-2a41-4b93-bb7d-42dd05f16159"
              shortTitle="er_PrepData"
              fullTitle="er_PrepData"
              idmCode="ER-a3ea8b68-cb96-48ec-a8ce-9ad1be794a23"
              documentStatus="WD"/>
            <authoring copyright="Copyright 2026">
              <changeLog id="er-log-1" changeDateTime="2026-02-05T00:00:00" changeSummary="Initial creation" changedBy="author-1"/>
              <author id="author-1">
                <person firstName="Ghang Lee (Yonsei University), Building Informatics Group, Yonsei University"/>
              </author>
            </authoring>
            <description title="The information required for data preparation prior to processing or exchange, including data cleaning, transformation, normalization, and validation inputs."/>
            <informationUnit
              id="iu-3d-model"
              name="3D model"
              dataType="3D Model"
              isMandatory="true"
              definition="A BIM model is a digital representation of the physical and functional characteristics of a built asset, serving as a shared knowledge resource for information about the facility and forming a reliable basis for decisions throughout its lifecycle."/>
            <informationUnit
              id="iu-checklist"
              name="submission check list"
              dataType="Structured (list, graph, table, JSON)"
              isMandatory="true"
              definition="A submission checklist is a structured list of required items, criteria, and verification steps used to ensure that all necessary information, documents, and data have been prepared and included before a formal submission."/>
          </er>
        </subEr>
      </er>
    </subEr>
  </er>
</idm>